INSERT INTO tb_users (user_id, name, email, password, role) VALUES ('00a7b810-9dad-11d1-80b4-00c04fd430c8', 'Gustavo Braga', 'braga@bp.com', '$2a$10$.KId/voVjkx.pqJ61YA9QOjWkE3qdPr8aN0k9ZJ.pv23f2Z2O0bNu', '0');
INSERT INTO tb_users (user_id, name, email, password, role) VALUES ('01a7b810-9dad-11d1-80b4-00c04fd430c8', 'Matheus Torres', 'matheus@bp.com', '$2a$10$lRBjDa0XzSlFb32kcs54Y.lTraiyS5Bal2Tz8riZiI6J/1pwWaTvy', '0');
INSERT INTO tb_users (user_id, name, email, password, role) VALUES ('02a7b810-9dad-11d1-80b4-00c04fd430c8', 'Gustavo Almeida', 'almeida@bp.com', '$2a$10$6kP1upOqNT7Lxu3X6/2BeurvwM3k.FrOjnJwOWLFzxbMTEaWYfYtO', '0');

INSERT INTO tb_users (user_id, name, email, password, role) VALUES ('01b7b810-9dad-11d1-80b4-00c04fd430c8', 'João Silva', 'joaosilva@bp.com', '$2a$10$Y2zVfNQP94ZCxAJnV3.4Y.xLpmnx1fhgSmlTzxyHzn.brrS6/cgbq', '1');
INSERT INTO tb_users (user_id, name, email, password, role) VALUES ('02b7b810-9dad-11d1-80b4-00c04fd430c8', 'Ana Oliveira', 'anaoliveira@bp.com', '$2a$10$Y2zVfNQP94ZCxAJnV3.4Y.xLpmnx1fhgSmlTzxyHzn.brrS6/cgbq', '1');
INSERT INTO tb_users (user_id, name, email, password, role) VALUES ('03b7b810-9dad-11d1-80b4-00c04fd430c8', 'Pedro Santos', 'pedrosantos@bp.com', '$2a$10$Y2zVfNQP94ZCxAJnV3.4Y.xLpmnx1fhgSmlTzxyHzn.brrS6/cgbq', '1');
INSERT INTO tb_users (user_id, name, email, password, role) VALUES ('04b7b810-9dad-11d1-80b4-00c04fd430c8', 'Maria Costa', 'mariacosta@bp.com', '$2a$10$Y2zVfNQP94ZCxAJnV3.4Y.xLpmnx1fhgSmlTzxyHzn.brrS6/cgbq', '1');
INSERT INTO tb_users (user_id, name, email, password, role) VALUES ('05b7b810-9dad-11d1-80b4-00c04fd430c8', 'Carlos Pereira', 'carlospereira@bp.com', '$2a$10$Y2zVfNQP94ZCxAJnV3.4Y.xLpmnx1fhgSmlTzxyHzn.brrS6/cgbq', '1');
INSERT INTO tb_users (user_id, name, email, password, role) VALUES ('06b7b810-9dad-11d1-80b4-00c04fd430c8', 'Sofia Ferreira', 'sofiaferreira@bp.com', '$2a$10$Y2zVfNQP94ZCxAJnV3.4Y.xLpmnx1fhgSmlTzxyHzn.brrS6/cgbq', '1');
INSERT INTO tb_users (user_id, name, email, password, role) VALUES ('07b7b810-9dad-11d1-80b4-00c04fd430c8', 'Jorge Martins', 'jorgemartins@bp.com', '$2a$10$Y2zVfNQP94ZCxAJnV3.4Y.xLpmnx1fhgSmlTzxyHzn.brrS6/cgbq', '1');
INSERT INTO tb_users (user_id, name, email, password, role) VALUES ('08b7b810-9dad-11d1-80b4-00c04fd430c8', 'Margarida Rodrigues', 'margaridarodrigues@bp.com', '$2a$10$Y2zVfNQP94ZCxAJnV3.4Y.xLpmnx1fhgSmlTzxyHzn.brrS6/cgbq', '1');
INSERT INTO tb_users (user_id, name, email, password, role) VALUES ('09b7b810-9dad-11d1-80b4-00c04fd430c8', 'Rita Sousa', 'ritasousa@bp.com', '$2a$10$Y2zVfNQP94ZCxAJnV3.4Y.xLpmnx1fhgSmlTzxyHzn.brrS6/cgbq', '1');
INSERT INTO tb_users (user_id, name, email, password, role) VALUES ('10b7b810-9dad-11d1-80b4-00c04fd430c8', 'Manuel Gonçalves', 'manuelgoncalves@bp.com', '$2a$10$Y2zVfNQP94ZCxAJnV3.4Y.xLpmnx1fhgSmlTzxyHzn.brrS6/cgbq', '1');

INSERT INTO tb_users (user_id, name, email, password, role) VALUES ('00c7b810-9dad-11d1-80b4-00c04fd430c8', 'Carolina Marques', 'carolinamarques@bp.com', '$2a$10$Y2zVfNQP94ZCxAJnV3.4Y.xLpmnx1fhgSmlTzxyHzn.brrS6/cgbq', '2');
INSERT INTO tb_users (user_id, name, email, password, role) VALUES ('01c7b810-9dad-11d1-80b4-00c04fd430c8', 'Catarina Matos', 'catarinamatos@bp.com', '$2a$10$Y2zVfNQP94ZCxAJnV3.4Y.xLpmnx1fhgSmlTzxyHzn.brrS6/cgbq', '2');
INSERT INTO tb_users (user_id, name, email, password, role) VALUES ('02c7b810-9dad-11d1-80b4-00c04fd430c8', 'Diana Nunes', 'diananunes@bp.com', '$2a$10$Y2zVfNQP94ZCxAJnV3.4Y.xLpmnx1fhgSmlTzxyHzn.brrS6/cgbq', '2');
INSERT INTO tb_users (user_id, name, email, password, role) VALUES ('03c7b810-9dad-11d1-80b4-00c04fd430c8', 'Marta Castro', 'martacastro@bp.com', '$2a$10$Y2zVfNQP94ZCxAJnV3.4Y.xLpmnx1fhgSmlTzxyHzn.brrS6/cgbq', '2');
INSERT INTO tb_users (user_id, name, email, password, role) VALUES ('04c7b810-9dad-11d1-80b4-00c04fd430c8', 'Paulo Gomes', 'paulogomes@bp.com', '$2a$10$Y2zVfNQP94ZCxAJnV3.4Y.xLpmnx1fhgSmlTzxyHzn.brrS6/cgbq', '2');
INSERT INTO tb_users (user_id, name, email, password, role) VALUES ('05c7b810-9dad-11d1-80b4-00c04fd430c8', 'André Lopes', 'andrelopes@bp.com', '$2a$10$Y2zVfNQP94ZCxAJnV3.4Y.xLpmnx1fhgSmlTzxyHzn.brrS6/cgbq', '2');
INSERT INTO tb_users (user_id, name, email, password, role) VALUES ('06c7b810-9dad-11d1-80b4-00c04fd430c8', 'Daniela Martins', 'danielamartins@bp.com', '$2a$10$Y2zVfNQP94ZCxAJnV3.4Y.xLpmnx1fhgSmlTzxyHzn.brrS6/cgbq', '2');
INSERT INTO tb_users (user_id, name, email, password, role) VALUES ('07c7b810-9dad-11d1-80b4-00c04fd430c8', 'Tiago Silva', 'tiagosilva@bp.com', '$2a$10$Y2zVfNQP94ZCxAJnV3.4Y.xLpmnx1fhgSmlTzxyHzn.brrS6/cgbq', '2');
INSERT INTO tb_users (user_id, name, email, password, role) VALUES ('08c7b810-9dad-11d1-80b4-00c04fd430c8', 'Patrícia Alves', 'patriciaalves@bp.com', '$2a$10$Y2zVfNQP94ZCxAJnV3.4Y.xLpmnx1fhgSmlTzxyHzn.brrS6/cgbq', '2');
INSERT INTO tb_users (user_id, name, email, password, role) VALUES ('09c7b810-9dad-11d1-80b4-00c04fd430c8', 'Susana Ramos', 'susanaramos@bp.com', '$2a$10$Y2zVfNQP94ZCxAJnV3.4Y.xLpmnx1fhgSmlTzxyHzn.brrS6/cgbq', '2');
INSERT INTO tb_users (user_id, name, email, password, role) VALUES ('10c7b810-9dad-11d1-80b4-00c04fd430c8', 'Bruno Marques', 'brunomarques@bp.com', '$2a$10$Y2zVfNQP94ZCxAJnV3.4Y.xLpmnx1fhgSmlTzxyHzn.brrS6/cgbq', '2');
INSERT INTO tb_users (user_id, name, email, password, role) VALUES ('11c7b810-9dad-11d1-80b4-00c04fd430c8', 'Alexandre Ferreira', 'alexandreferreira@bp.com', '$2a$10$Y2zVfNQP94ZCxAJnV3.4Y.xLpmnx1fhgSmlTzxyHzn.brrS6/cgbq', '2');
INSERT INTO tb_users (user_id, name, email, password, role) VALUES ('12c7b810-9dad-11d1-80b4-00c04fd430c8', 'Davi Oliveira', 'davioliveira@bp.com', '$2a$10$Y2zVfNQP94ZCxAJnV3.4Y.xLpmnx1fhgSmlTzxyHzn.brrS6/cgbq', '2');
INSERT INTO tb_users (user_id, name, email, password, role) VALUES ('13c7b810-9dad-11d1-80b4-00c04fd430c8', 'Rita Pereira', 'ritapereira@bp.com', '$2a$10$Y2zVfNQP94ZCxAJnV3.4Y.xLpmnx1fhgSmlTzxyHzn.brrS6/cgbq', '2');
INSERT INTO tb_users (user_id, name, email, password, role) VALUES ('14c7b810-9dad-11d1-80b4-00c04fd430c8', 'Mônica Fernandes', 'monicafernandes@bp.com', '$2a$10$Y2zVfNQP94ZCxAJnV3.4Y.xLpmnx1fhgSmlTzxyHzn.brrS6/cgbq', '2');
INSERT INTO tb_users (user_id, name, email, password, role) VALUES ('15c7b810-9dad-11d1-80b4-00c04fd430c8', 'Diogo Pires', 'diogopires@bp.com', '$2a$10$Y2zVfNQP94ZCxAJnV3.4Y.xLpmnx1fhgSmlTzxyHzn.brrS6/cgbq', '2');
INSERT INTO tb_users (user_id, name, email, password, role) VALUES ('16c7b810-9dad-11d1-80b4-00c04fd430c8', 'Mariana Costa', 'marianacosta@bp.com', '$2a$10$Y2zVfNQP94ZCxAJnV3.4Y.xLpmnx1fhgSmlTzxyHzn.brrS6/cgbq', '2');
INSERT INTO tb_users (user_id, name, email, password, role) VALUES ('17c7b810-9dad-11d1-80b4-00c04fd430c8', 'Hugo Rodrigues', 'hugorodrigues@bp.com', '$2a$10$Y2zVfNQP94ZCxAJnV3.4Y.xLpmnx1fhgSmlTzxyHzn.brrS6/cgbq', '2');
INSERT INTO tb_users (user_id, name, email, password, role) VALUES ('18c7b810-9dad-11d1-80b4-00c04fd430c8', 'Ana Gomes', 'biagomes@bp.com', '$2a$10$Y2zVfNQP94ZCxAJnV3.4Y.xLpmnx1fhgSmlTzxyHzn.brrS6/cgbq', '2');
INSERT INTO tb_users (user_id, name, email, password, role) VALUES ('19c7b810-9dad-11d1-80b4-00c04fd430c8', 'Filipe Ribeiro', 'filiperibeiro@bp.com', '$2a$10$Y2zVfNQP94ZCxAJnV3.4Y.xLpmnx1fhgSmlTzxyHzn.brrS6/cgbq', '2');
INSERT INTO tb_users (user_id, name, email, password, role) VALUES ('20c7b810-9dad-11d1-80b4-00c04fd430c8', 'Sara Mendes', 'saramendes@bp.com', '$2a$10$Y2zVfNQP94ZCxAJnV3.4Y.xLpmnx1fhgSmlTzxyHzn.brrS6/cgbq', '2');

INSERT INTO tb_sectors (leader_id, name) VALUES ('01a7b810-9dad-11d1-80b4-00c04fd430c8', 'Consolidação');
INSERT INTO tb_sectors (leader_id, name) VALUES ('01b7b810-9dad-11d1-80b4-00c04fd430c8', 'Ceia');
INSERT INTO tb_sectors (leader_id, name) VALUES ('02b7b810-9dad-11d1-80b4-00c04fd430c8', 'Cenografia');
INSERT INTO tb_sectors (leader_id, name) VALUES ('03b7b810-9dad-11d1-80b4-00c04fd430c8', 'Estudos');
INSERT INTO tb_sectors (leader_id, name) VALUES ('04b7b810-9dad-11d1-80b4-00c04fd430c8', 'Intercessão');
INSERT INTO tb_sectors (leader_id, name) VALUES ('05b7b810-9dad-11d1-80b4-00c04fd430c8', 'Louvor');
INSERT INTO tb_sectors (leader_id, name) VALUES ('06b7b810-9dad-11d1-80b4-00c04fd430c8', 'Mídia');
INSERT INTO tb_sectors (leader_id, name) VALUES ('07b7b810-9dad-11d1-80b4-00c04fd430c8', 'Kids');
INSERT INTO tb_sectors (leader_id, name) VALUES ('08b7b810-9dad-11d1-80b4-00c04fd430c8', 'Organização');
INSERT INTO tb_sectors (leader_id, name) VALUES ('09b7b810-9dad-11d1-80b4-00c04fd430c8', 'Recepção');
INSERT INTO tb_sectors (leader_id, name) VALUES ('10b7b810-9dad-11d1-80b4-00c04fd430c8', 'Projetor');

INSERT INTO tb_sectors_workers (sector_id, user_id) VALUES (1, '00a7b810-9dad-11d1-80b4-00c04fd430c8');
INSERT INTO tb_sectors_workers (sector_id, user_id) VALUES (1, '02a7b810-9dad-11d1-80b4-00c04fd430c8');
INSERT INTO tb_sectors_workers (sector_id, user_id) VALUES (2, '02a7b810-9dad-11d1-80b4-00c04fd430c8');
INSERT INTO tb_sectors_workers (sector_id, user_id) VALUES (1, '01c7b810-9dad-11d1-80b4-00c04fd430c8');
INSERT INTO tb_sectors_workers (sector_id, user_id) VALUES (2, '06c7b810-9dad-11d1-80b4-00c04fd430c8');
INSERT INTO tb_sectors_workers (sector_id, user_id) VALUES (3, '12c7b810-9dad-11d1-80b4-00c04fd430c8');
INSERT INTO tb_sectors_workers (sector_id, user_id) VALUES (4, '10c7b810-9dad-11d1-80b4-00c04fd430c8');
INSERT INTO tb_sectors_workers (sector_id, user_id) VALUES (5, '17c7b810-9dad-11d1-80b4-00c04fd430c8');
INSERT INTO tb_sectors_workers (sector_id, user_id) VALUES (6, '04c7b810-9dad-11d1-80b4-00c04fd430c8');
INSERT INTO tb_sectors_workers (sector_id, user_id) VALUES (7, '08c7b810-9dad-11d1-80b4-00c04fd430c8');
INSERT INTO tb_sectors_workers (sector_id, user_id) VALUES (8, '20c7b810-9dad-11d1-80b4-00c04fd430c8');
INSERT INTO tb_sectors_workers (sector_id, user_id) VALUES (9, '14c7b810-9dad-11d1-80b4-00c04fd430c8');
INSERT INTO tb_sectors_workers (sector_id, user_id) VALUES (10, '15c7b810-9dad-11d1-80b4-00c04fd430c8');
INSERT INTO tb_sectors_workers (sector_id, user_id) VALUES (11, '19c7b810-9dad-11d1-80b4-00c04fd430c8');
INSERT INTO tb_sectors_workers (sector_id, user_id) VALUES (1, '05c7b810-9dad-11d1-80b4-00c04fd430c8');
INSERT INTO tb_sectors_workers (sector_id, user_id) VALUES (2, '16c7b810-9dad-11d1-80b4-00c04fd430c8');
INSERT INTO tb_sectors_workers (sector_id, user_id) VALUES (3, '18c7b810-9dad-11d1-80b4-00c04fd430c8');
INSERT INTO tb_sectors_workers (sector_id, user_id) VALUES (4, '09c7b810-9dad-11d1-80b4-00c04fd430c8');
INSERT INTO tb_sectors_workers (sector_id, user_id) VALUES (5, '03c7b810-9dad-11d1-80b4-00c04fd430c8');
INSERT INTO tb_sectors_workers (sector_id, user_id) VALUES (6, '02c7b810-9dad-11d1-80b4-00c04fd430c8');
INSERT INTO tb_sectors_workers (sector_id, user_id) VALUES (7, '11c7b810-9dad-11d1-80b4-00c04fd430c8');
INSERT INTO tb_sectors_workers (sector_id, user_id) VALUES (8, '07c7b810-9dad-11d1-80b4-00c04fd430c8');
INSERT INTO tb_sectors_workers (sector_id, user_id) VALUES (9, '13c7b810-9dad-11d1-80b4-00c04fd430c8');
INSERT INTO tb_sectors_workers (sector_id, user_id) VALUES (10, '00c7b810-9dad-11d1-80b4-00c04fd430c8');
INSERT INTO tb_sectors_workers (sector_id, user_id) VALUES (11, '00c7b810-9dad-11d1-80b4-00c04fd430c8');
INSERT INTO tb_sectors_workers (sector_id, user_id) VALUES (1, '10c7b810-9dad-11d1-80b4-00c04fd430c8');
INSERT INTO tb_sectors_workers (sector_id, user_id) VALUES (2, '19c7b810-9dad-11d1-80b4-00c04fd430c8');
INSERT INTO tb_sectors_workers (sector_id, user_id) VALUES (10, '18c7b810-9dad-11d1-80b4-00c04fd430c8');
INSERT INTO tb_sectors_workers (sector_id, user_id) VALUES (4, '07c7b810-9dad-11d1-80b4-00c04fd430c8');
INSERT INTO tb_sectors_workers (sector_id, user_id) VALUES (5, '16c7b810-9dad-11d1-80b4-00c04fd430c8');
INSERT INTO tb_sectors_workers (sector_id, user_id) VALUES (6, '06c7b810-9dad-11d1-80b4-00c04fd430c8');
INSERT INTO tb_sectors_workers (sector_id, user_id) VALUES (2, '08c7b810-9dad-11d1-80b4-00c04fd430c8');
INSERT INTO tb_sectors_workers (sector_id, user_id) VALUES (8, '12c7b810-9dad-11d1-80b4-00c04fd430c8');
INSERT INTO tb_sectors_workers (sector_id, user_id) VALUES (9, '11c7b810-9dad-11d1-80b4-00c04fd430c8');
INSERT INTO tb_sectors_workers (sector_id, user_id) VALUES (10, '03c7b810-9dad-11d1-80b4-00c04fd430c8');
INSERT INTO tb_sectors_workers (sector_id, user_id) VALUES (11, '04c7b810-9dad-11d1-80b4-00c04fd430c8');

INSERT INTO tb_events (sector_id, date_time) VALUES (2, '2024-07-20 20:00');
INSERT INTO tb_events (sector_id, date_time) VALUES (1, '2024-07-30 20:00');
INSERT INTO tb_events (sector_id, date_time) VALUES (3, '2024-08-10 20:00');
INSERT INTO tb_events (sector_id, date_time) VALUES (1, '2024-08-28 20:00');
INSERT INTO tb_events (sector_id, date_time) VALUES (5, '2024-07-25 15:00');
INSERT INTO tb_events (sector_id, date_time) VALUES (7, '2024-08-05 18:30');
INSERT INTO tb_events (sector_id, date_time) VALUES (9, '2024-08-15 20:00');

INSERT INTO tb_events_workers (event_id, worker_id) VALUES (1, '00a7b810-9dad-11d1-80b4-00c04fd430c8');
INSERT INTO tb_events_workers (event_id, worker_id) VALUES (2, '00a7b810-9dad-11d1-80b4-00c04fd430c8');
INSERT INTO tb_events_workers (event_id, worker_id) VALUES (2, '02a7b810-9dad-11d1-80b4-00c04fd430c8');
INSERT INTO tb_events_workers (event_id, worker_id) VALUES (1, '00c7b810-9dad-11d1-80b4-00c04fd430c8');
INSERT INTO tb_events_workers (event_id, worker_id) VALUES (1, '10c7b810-9dad-11d1-80b4-00c04fd430c8');
INSERT INTO tb_events_workers (event_id, worker_id) VALUES (2, '02c7b810-9dad-11d1-80b4-00c04fd430c8');
INSERT INTO tb_events_workers (event_id, worker_id) VALUES (3, '04c7b810-9dad-11d1-80b4-00c04fd430c8');
INSERT INTO tb_events_workers (event_id, worker_id) VALUES (4, '06c7b810-9dad-11d1-80b4-00c04fd430c8');
INSERT INTO tb_events_workers (event_id, worker_id) VALUES (5, '15c7b810-9dad-11d1-80b4-00c04fd430c8');
INSERT INTO tb_events_workers (event_id, worker_id) VALUES (3, '15c7b810-9dad-11d1-80b4-00c04fd430c8');
INSERT INTO tb_events_workers (event_id, worker_id) VALUES (7, '18c7b810-9dad-11d1-80b4-00c04fd430c8');
INSERT INTO tb_events_workers (event_id, worker_id) VALUES (6, '13c7b810-9dad-11d1-80b4-00c04fd430c8');
INSERT INTO tb_events_workers (event_id, worker_id) VALUES (3, '09c7b810-9dad-11d1-80b4-00c04fd430c8');
